ID,travel-2023-work-home,travel-2023-work-DNW,travel-2023-work-car1,travel-2023-work-car2,travel-2023-work-car-passenger,travel-2023-work-bus,travel-2023-work-train,travel-2023-work-bicycle,travel-2023-work-walk,travel-2023-work-ferry,travel-2023-work-other,travel-2023-work-NEI,travel-2023-work-total,travel-2023-work-total-stated,travel-2023-edu-home,travel-2023-edu-car,travel-2023-edu-car-passenger,travel-2023-edu-bicycle,travel-2023-edu-walk,travel-2023-edu-schoolbus,travel-2023-edu-bus,travel-2023-edu-train,travel-2023-edu-ferry,travel-2023-edu-other,travel-2023-edu-NEI,travel-2023-edu-total,travel-2023-edu-total-stated
165001,222,-997,516,159,21,3,9,0,15,0,0,0,945,945,30,42,168,0,9,54,9,9,0,3,0,324,324
166100,120,-997,486,129,36,3,9,3,21,0,0,0,810,810,33,24,195,9,69,18,3,12,0,3,0,366,366
165700,120,-997,588,147,27,9,21,3,54,0,12,0,981,981,27,39,156,9,120,9,6,12,0,3,0,384,384
165901,192,-997,807,255,36,0,18,0,21,0,9,0,1350,1350,54,69,252,9,129,27,3,15,0,3,0,558,558
165501,231,-997,1389,255,99,12,21,9,39,0,15,0,2067,2067,105,84,612,21,216,78,9,15,0,27,0,1170,1170
165502,219,-997,1032,204,66,15,36,3,15,0,12,0,1602,1602,66,60,396,24,156,12,9,33,0,9,0,762,762
165301,156,-997,615,171,42,12,9,3,27,0,9,0,1044,1044,39,36,243,3,63,36,6,9,0,3,0,441,441
165302,126,-997,825,135,81,12,15,3,36,0,12,0,1245,1245,60,66,369,3,162,45,21,15,0,9,0,744,744
161500,159,-997,747,165,39,12,30,6,6,0,6,0,1173,1173,39,69,234,6,30,33,18,48,0,9,0,486,486
161100,303,-997,1275,225,48,24,51,3,6,0,12,0,1947,1947,63,108,363,15,198,99,21,69,0,12,0,948,948
161400,465,-997,840,261,45,0,21,0,18,0,12,0,1668,1668,54,69,396,0,24,117,3,36,0,6,0,708,708
163803,177,-997,414,141,12,0,3,0,6,0,3,0,759,759,24,36,141,0,9,90,0,9,0,0,0,309,309
163801,102,-997,450,126,15,3,12,3,9,0,3,0,714,714,30,15,174,12,54,75,3,9,0,0,0,369,369
162400,390,-997,870,264,36,0,6,3,15,0,18,0,1605,1605,63,72,309,0,15,165,3,12,0,3,0,645,645
159801,258,-997,462,156,18,0,9,0,9,0,9,0,924,924,24,30,153,3,27,93,6,18,0,9,0,357,357
159401,150,-997,504,135,21,3,6,0,9,0,9,0,834,834,39,33,147,0,6,102,3,12,0,3,0,342,342
149901,438,-997,837,231,36,3,3,0,21,0,12,0,1581,1581,54,42,297,3,24,162,3,0,0,0,0,585,585
128000,168,-997,351,69,6,6,3,0,9,0,0,0,618,618,30,27,108,6,3,84,6,6,0,0,0,270,270
130000,300,-997,663,189,30,6,39,18,9,0,18,0,1269,1269,36,81,225,3,6,123,18,51,0,6,0,549,549
127601,288,-997,708,198,33,6,42,6,6,0,9,0,1296,1296,54,60,267,3,3,84,9,42,0,0,0,525,525
127801,156,-997,810,114,81,30,48,6,24,3,15,0,1290,1290,54,69,408,3,108,30,39,51,3,27,0,792,792
128301,204,-997,1056,174,87,51,84,9,12,0,15,0,1692,1692,39,75,507,6,66,33,54,81,0,30,0,894,894
124700,168,-997,438,132,24,3,18,3,12,0,9,0,807,807,42,48,198,3,9,42,6,24,0,0,0,375,375
136601,297,-997,1029,144,87,132,27,21,33,0,24,0,1794,1794,45,120,324,18,54,18,156,33,0,15,0,777,777
135500,285,-997,954,126,63,162,45,39,36,3,30,0,1740,1740,48,90,276,18,120,18,141,18,0,12,0,747,747
133100,264,-997,714,108,39,135,81,45,51,3,24,0,1467,1467,51,63,228,15,117,3,84,54,0,6,0,624,624
131700,258,-997,1218,147,126,132,45,18,42,0,42,0,2031,2031,54,108,354,9,282,9,96,36,0,15,0,957,957
129000,231,-997,825,99,81,21,75,3,12,0,15,0,1365,1365,42,90,453,9,39,24,45,114,0,6,0,813,813
129101,297,-997,1131,186,75,48,114,9,24,0,27,0,1905,1905,57,99,495,6,33,21,69,111,0,9,0,894,894
129501,198,-997,978,153,51,81,39,0,12,0,15,0,1527,1527,48,81,390,6,66,33,45,42,0,21,0,729,729
130500,177,-997,879,129,87,63,24,9,18,0,15,0,1401,1401,21,75,291,3,195,27,45,42,0,6,0,699,699
132600,264,-997,942,138,81,87,147,12,42,0,24,0,1734,1734,57,78,294,6,75,18,84,87,0,6,0,705,705
134900,255,-997,879,126,42,72,63,15,21,0,24,0,1494,1494,42,75,345,9,75,21,87,51,0,6,0,717,717
131000,195,-997,876,117,93,87,51,3,18,3,9,0,1449,1449,42,96,282,0,201,18,57,39,0,3,0,741,741
132900,282,-997,936,138,51,87,99,9,33,3,24,0,1662,1662,48,75,300,9,99,24,63,90,0,9,0,720,720
135401,375,-997,945,243,54,66,60,21,21,0,18,0,1806,1806,69,87,363,12,222,21,69,63,0,9,0,912,912
136700,591,-997,1191,213,42,51,51,21,24,3,18,0,2208,2208,60,114,438,6,99,84,51,57,0,9,0,921,921
134700,399,-997,891,183,48,54,63,18,36,0,24,0,1719,1719,51,84,219,3,309,66,57,57,0,3,0,846,846
131500,312,-997,1026,210,51,60,114,27,51,0,27,0,1878,1878,60,87,435,3,117,60,51,66,0,9,0,885,885
130801,216,-997,765,120,60,39,120,9,27,0,9,0,1365,1365,57,66,276,0,93,21,45,105,0,6,0,666,666
130901,300,-997,963,192,63,57,87,21,21,0,15,0,1722,1722,63,90,387,6,78,66,48,72,0,12,0,819,819
132501,303,-997,627,138,33,21,39,12,9,0,15,0,1206,1206,39,54,207,9,123,66,30,51,0,3,0,582,582
130902,312,-997,849,195,57,48,51,18,12,0,15,0,1557,1557,57,75,345,6,156,93,51,54,0,9,0,846,846
130100,288,-997,1089,189,66,60,72,15,9,3,24,0,1815,1815,63,99,456,3,48,51,81,57,0,18,0,876,876
129600,279,-997,1173,183,72,60,75,6,12,3,9,0,1872,1872,57,114,540,3,45,60,90,81,0,15,0,999,999
134600,360,-997,792,195,33,27,33,18,12,0,18,0,1488,1488,75,63,336,6,90,168,45,51,0,3,0,837,837
137500,339,-997,720,150,27,24,27,12,12,0,18,0,1326,1326,54,60,237,3,42,156,30,18,0,3,0,606,606
138000,261,-997,801,165,45,78,18,18,21,0,9,0,1419,1419,60,72,243,6,195,27,84,18,0,3,0,702,702
136501,234,-997,828,144,42,60,42,9,27,0,15,0,1404,1404,21,63,282,6,117,12,78,39,0,12,0,633,633
132300,225,-997,945,132,57,93,93,15,42,0,15,0,1617,1617,45,96,387,9,78,27,78,48,0,9,0,777,777
135600,255,-997,861,111,57,132,111,12,69,0,15,0,1629,1629,51,72,288,3,90,12,141,54,3,15,0,723,723
137300,174,-997,489,126,21,39,12,3,21,0,9,0,891,891,27,30,156,9,153,6,42,9,0,6,0,438,438
136502,192,-997,633,75,51,60,54,15,9,0,6,0,1098,1098,42,57,231,12,66,9,66,24,0,9,0,519,519
133900,42,-997,147,15,6,27,33,0,36,0,6,0,312,312,6,6,21,0,9,0,12,12,0,0,0,69,69
138901,321,-997,933,177,42,135,12,15,18,0,6,0,1656,1656,48,90,231,9,144,15,153,15,0,9,0,714,714
137201,198,-997,768,114,75,105,24,6,6,0,15,0,1311,1311,42,84,306,6,75,12,114,15,0,9,0,660,660
135000,372,-997,1278,159,108,195,99,33,36,0,15,0,2292,2292,51,105,474,21,177,9,162,60,0,15,0,1077,1077
137202,273,-997,912,126,48,150,18,9,30,3,18,0,1590,1590,54,96,270,9,189,15,150,21,0,15,0,822,822
137100,207,-997,828,105,75,96,27,6,21,0,30,0,1395,1395,39,72,384,3,144,9,111,18,0,18,0,804,804
139501,177,-997,693,96,33,75,6,3,15,0,12,0,1113,1113,36,39,177,3,111,6,87,3,0,12,0,477,477
138600,186,-997,768,111,54,93,12,3,18,3,12,0,1263,1263,30,81,234,3,99,18,72,9,0,9,0,549,549
138301,174,-997,633,72,39,78,12,6,15,0,15,0,1038,1038,27,60,198,9,66,15,99,6,0,9,0,480,480
139601,282,-997,996,132,39,189,6,3,33,0,18,0,1704,1704,33,81,213,3,198,21,174,0,0,12,0,738,738
142901,219,-997,807,138,42,153,0,12,15,0,15,0,1404,1404,33,81,228,3,168,18,126,0,0,9,0,663,663
143600,297,-997,969,183,36,105,3,30,9,0,12,0,1650,1650,57,111,285,0,66,27,132,3,3,3,0,687,687
142002,150,-997,438,81,30,72,0,9,15,0,9,0,798,798,15,51,144,0,39,12,93,3,0,3,0,357,357
141201,195,-997,528,63,24,123,3,9,9,0,12,0,975,975,27,48,117,12,24,15,111,0,0,3,0,357,357
142001,213,-997,786,84,45,165,3,6,45,0,18,0,1362,1362,42,84,150,9,147,9,132,0,0,3,0,576,576
140601,144,-997,597,69,36,123,0,27,9,0,15,0,1020,1020,36,60,261,9,90,9,117,3,0,9,0,600,600
142101,414,-997,1203,150,81,231,0,12,15,0,27,0,2136,2136,78,105,300,21,138,27,168,3,0,21,0,855,855
140400,174,-997,951,81,60,237,3,18,30,3,24,0,1587,1587,48,78,231,3,231,9,213,3,0,6,0,819,819
140700,141,-997,627,45,60,129,0,3,18,0,12,0,1035,1035,24,63,363,6,105,12,111,0,0,12,0,696,696
139100,105,-997,489,72,48,102,3,3,15,0,21,0,855,855,15,42,243,3,90,0,90,6,0,9,0,501,501
142301,234,-997,894,111,75,129,3,12,12,0,15,0,1485,1485,39,90,339,9,168,15,186,0,0,21,0,858,858
142501,210,-997,729,117,24,90,3,6,6,0,18,0,1203,1203,21,48,204,6,15,27,78,3,0,6,0,411,411
140902,189,-997,561,93,27,57,3,6,12,0,0,0,948,948,21,54,141,3,69,18,93,3,0,3,0,402,402
140901,264,-997,924,120,57,144,3,6,27,0,9,0,1548,1548,39,72,261,0,105,54,135,0,0,6,0,681,681
141300,282,-997,1014,126,51,165,6,9,9,0,24,0,1680,1680,36,90,291,6,33,15,156,3,0,3,0,633,633
139802,204,-997,708,93,42,108,3,6,21,0,18,0,1203,1203,24,60,234,3,42,12,114,3,0,18,0,510,510
139801,195,-997,738,111,45,114,3,3,24,0,18,0,1251,1251,27,57,243,6,63,18,120,0,0,18,0,555,555
138800,-999,-997,6,-999,-999,-999,-999,-999,-999,-999,-999,-999,18,18,-999,-999,-999,-999,6,-999,-999,-999,-999,-999,-999,12,12
138302,177,-997,780,111,60,75,3,15,15,0,12,0,1248,1248,36,78,312,9,60,24,120,0,0,18,0,654,654
136801,216,-997,654,105,48,138,12,30,24,0,15,0,1242,1242,48,66,201,9,117,12,123,12,0,6,0,594,594
137901,156,-997,678,72,72,93,12,9,33,0,12,0,1137,1137,33,87,339,6,120,9,129,3,0,36,0,753,753
138200,318,-997,879,129,45,255,12,45,57,0,33,0,1773,1773,57,66,237,30,213,12,177,18,0,21,0,828,828
139700,375,-997,1074,177,69,273,6,60,48,3,27,0,2106,2106,72,102,339,9,99,12,135,0,0,3,0,780,780
139900,504,-997,1044,186,60,255,6,63,48,0,48,0,2214,2214,66,102,330,33,165,48,270,3,0,24,0,1038,1038
140800,480,-997,1089,174,78,240,9,45,42,0,33,0,2184,2184,72,138,342,33,123,66,333,6,0,12,0,1122,1122
141500,294,-997,768,102,57,207,9,30,81,0,12,0,1557,1557,54,78,213,9,57,27,171,3,0,12,0,630,630
142202,270,-997,654,102,36,156,51,27,51,0,12,0,1359,1359,42,60,180,21,87,18,102,9,0,3,0,519,519
143301,396,-997,885,180,45,168,111,39,66,0,21,0,1920,1920,60,87,204,9,198,57,117,18,0,6,0,759,759
144201,15,-997,30,3,0,12,6,0,6,0,3,0,72,72,3,6,6,0,9,0,0,3,0,0,0,24,24
145200,189,-997,774,81,78,75,24,9,24,0,21,0,1281,1281,60,60,321,6,117,15,105,21,0,18,0,714,714
148200,117,-997,858,87,108,39,15,3,15,3,15,0,1257,1257,39,87,486,3,69,45,66,21,0,6,0,822,822
149400,174,-997,1206,141,159,45,18,6,9,0,24,0,1785,1785,42,90,552,0,87,63,87,33,0,15,0,975,975
150000,126,-997,1044,111,165,60,24,0,9,0,27,0,1566,1566,24,93,672,0,249,54,54,39,0,3,0,1191,1191
151600,129,-997,1020,93,150,33,15,6,18,3,12,0,1473,1473,36,105,552,0,120,33,93,36,0,6,0,981,981
148600,180,-997,999,114,147,30,9,6,12,0,18,0,1518,1518,33,90,624,0,159,33,63,12,0,9,0,1020,1020
150200,123,-997,1005,72,129,51,18,0,24,0,18,0,1440,1440,30,96,516,3,159,51,75,18,0,12,0,960,960
148501,117,-997,912,93,96,30,15,12,9,0,15,0,1296,1296,45,72,432,3,57,24,63,15,0,12,0,726,726
148901,147,-997,945,75,150,33,3,3,9,0,9,0,1371,1371,45,90,507,0,228,57,39,9,3,15,0,993,993
145500,90,-997,378,54,18,45,27,9,24,0,6,0,654,654,21,30,132,0,24,9,21,9,0,3,0,249,249
145600,303,-997,1026,159,84,105,57,24,42,0,27,0,1827,1827,69,69,366,12,66,24,90,24,0,6,0,726,726
142801,231,-997,702,108,42,54,33,15,30,0,30,0,1248,1248,36,60,219,12,78,21,45,9,0,9,0,486,486
143800,393,-997,1011,150,57,150,84,48,63,3,36,0,1989,1989,75,102,324,9,141,48,117,21,0,9,0,846,846
142802,282,-997,744,159,39,60,18,36,24,3,21,0,1389,1389,33,63,237,9,48,27,66,3,0,3,0,492,492
144300,339,-997,1221,153,54,162,15,36,69,0,36,0,2091,2091,60,84,405,36,81,39,159,3,0,6,0,870,870
145000,309,-997,951,135,45,177,24,45,84,0,24,0,1797,1797,66,60,174,30,135,15,126,6,0,9,0,621,621
143400,240,-997,777,111,39,183,0,15,66,0,18,0,1446,1446,57,75,168,3,90,21,138,0,0,9,0,558,558
144101,327,-997,1104,189,60,150,18,39,63,0,39,0,1986,1986,66,84,249,12,144,27,147,3,0,12,0,747,747
142600,276,-997,717,114,30,189,6,24,42,0,27,0,1431,1431,39,84,177,12,96,21,111,0,0,6,0,540,540
141700,270,-997,735,99,36,144,6,21,18,0,21,0,1353,1353,33,72,183,3,72,30,129,0,0,9,0,537,537
146100,303,-997,1158,201,87,63,9,27,18,0,27,0,1896,1896,63,84,360,66,180,108,99,6,0,9,0,975,975
147500,291,-997,1320,195,99,60,9,18,18,0,27,0,2040,2040,51,120,609,12,105,117,108,0,0,15,0,1140,1140
146800,222,-997,951,138,51,81,3,21,24,0,15,0,1509,1509,51,81,342,18,105,108,102,6,0,12,0,822,822
147900,33,-997,168,18,9,6,0,3,6,0,6,0,249,249,12,24,75,0,15,21,9,3,0,0,0,156,156
151000,129,-997,1083,99,153,21,18,6,9,3,12,0,1536,1536,54,90,582,3,93,48,51,39,3,24,0,984,984
153600,105,-997,696,87,69,18,12,0,9,0,9,0,1002,1002,36,63,285,0,120,21,27,27,0,0,0,579,579
152800,231,-997,1152,168,147,18,18,3,6,0,24,0,1764,1764,42,120,603,0,42,24,45,57,0,42,0,975,975
151200,132,-997,921,108,126,48,18,3,12,3,15,0,1386,1386,45,72,486,3,270,24,54,36,0,12,0,999,999
152600,69,-997,567,66,84,24,9,0,3,0,6,0,831,831,21,42,333,0,66,15,27,30,0,12,0,543,543
150800,123,-997,1035,132,120,27,27,0,21,0,24,0,1509,1509,42,96,588,0,210,18,48,36,0,21,0,1059,1059
144800,291,-997,771,156,36,132,57,12,54,0,15,0,1524,1524,42,51,258,3,90,48,99,12,0,6,0,606,606
145900,84,-997,228,21,12,18,12,0,9,0,6,0,393,393,6,18,48,3,24,12,18,3,0,6,0,135,135
146600,294,-997,1080,180,90,63,60,12,48,0,39,0,1863,1863,42,87,312,9,120,45,132,42,0,3,0,789,789
146201,252,-997,1041,129,54,129,60,12,39,0,36,0,1755,1755,51,96,261,3,102,39,126,15,0,12,0,708,708
149600,-999,-997,-999,-999,-999,-999,-999,-999,-999,-999,-999,-999,3,-999,6,0,0,0,45,0,3,0,0,0,0,57,57
151800,138,-997,1062,138,138,30,18,3,27,0,33,0,1593,1593,27,108,483,0,174,30,75,48,0,18,0,963,963
153200,69,-997,453,42,36,12,9,0,9,0,12,0,642,642,15,33,216,0,63,9,15,15,0,3,0,366,366
152101,144,-997,963,129,99,36,39,9,78,0,15,0,1512,1512,36,93,531,0,93,12,42,57,0,21,0,885,885
153301,123,-997,795,108,75,30,42,3,48,0,15,0,1245,1245,21,78,381,3,144,9,21,48,0,6,0,711,711
154801,159,-997,903,117,96,36,54,0,18,3,12,0,1404,1404,33,72,426,6,186,27,36,63,0,18,0,867,867
152700,6,-997,42,3,0,0,0,0,3,0,0,0,57,57,-999,-999,-999,-999,-999,-999,-999,-999,-999,-999,-999,12,12
151400,165,-997,1002,120,99,27,54,15,69,0,30,0,1584,1584,39,87,432,0,123,21,39,51,0,30,0,822,822
150301,93,-997,555,57,72,36,15,3,21,0,24,0,879,879,9,51,294,0,132,12,21,15,0,9,0,546,546
150101,78,-997,330,45,30,36,27,3,42,0,3,0,597,597,9,39,96,3,36,3,21,12,0,3,0,219,219
147202,159,-997,867,132,72,69,69,9,66,0,27,0,1470,1470,54,66,192,3,108,42,108,36,0,12,0,618,618
146501,237,-997,1017,138,66,153,54,6,42,0,27,0,1734,1734,42,114,291,15,69,36,129,21,0,12,0,732,732
147400,3,-997,45,3,6,3,3,0,3,0,0,0,69,69,-999,-999,12,-999,-999,-999,-999,-999,-999,-999,-999,18,18
147700,-999,-997,-999,-999,-999,-999,-999,-999,-999,-999,-999,-999,9,9,-999,-999,-999,-999,-999,-999,-999,-999,-999,-999,-999,0,-999
149100,261,-997,1062,153,102,60,66,6,24,0,27,0,1764,1764,51,84,363,6,24,36,63,36,0,3,0,666,666
147201,210,-997,885,159,60,54,69,12,87,0,21,0,1557,1557,45,60,246,3,48,12,48,39,0,9,0,513,513
147100,264,-997,1107,150,60,102,117,18,45,3,21,0,1890,1890,66,81,261,6,78,30,93,63,0,9,0,684,684
149500,156,-997,858,117,84,75,39,6,24,3,24,0,1389,1389,36,69,420,0,105,63,87,33,0,9,0,819,819
150302,87,-997,549,51,66,30,15,3,15,0,15,0,837,837,24,45,291,3,60,6,24,24,0,6,0,477,477
151900,135,-997,1080,153,111,48,39,9,54,3,42,0,1671,1671,45,78,423,3,156,15,42,48,0,15,0,822,822
154001,180,-997,1227,144,111,39,54,3,51,0,24,0,1839,1839,54,99,525,6,66,24,54,105,0,18,0,951,951
153000,78,-997,690,75,66,24,27,3,9,0,12,0,993,993,30,57,300,0,120,27,33,42,3,12,0,618,618
154901,159,-997,1146,147,108,57,72,12,42,0,18,0,1758,1758,39,81,366,0,75,15,48,87,0,21,0,732,732
155500,54,-997,345,45,12,24,18,0,42,0,3,0,555,555,21,33,57,3,27,6,12,9,0,3,0,165,165
155901,99,-997,993,165,102,30,39,3,12,0,12,0,1458,1458,45,84,402,0,123,18,27,60,0,15,0,771,771
154802,189,-997,1272,165,111,30,72,3,33,0,24,0,1896,1896,51,117,528,3,147,24,39,99,0,21,0,1026,1026
154201,117,-997,882,117,78,27,27,3,6,0,21,0,1278,1278,45,75,348,3,156,12,30,54,0,27,0,750,750
154202,120,-997,801,105,93,36,24,0,9,0,12,0,1203,1203,30,69,393,0,111,12,12,36,0,24,0,687,687
160201,96,-997,723,81,60,27,24,3,6,0,9,0,1023,1023,42,57,432,6,54,24,30,18,0,9,0,669,669
159500,126,-997,954,117,93,24,21,0,9,0,9,0,1350,1350,48,96,474,6,123,48,36,45,0,18,0,894,894
159700,93,-997,564,78,63,12,9,0,12,0,12,0,846,846,21,45,357,3,114,30,24,18,0,9,0,621,621
160700,186,-997,1140,216,105,18,36,0,9,0,9,0,1716,1716,39,102,528,18,117,42,36,54,0,18,0,966,966
160202,120,-997,915,96,99,30,30,0,21,0,9,0,1320,1320,39,96,522,9,135,24,39,75,0,9,0,951,951
158800,120,-997,1080,117,156,18,24,0,15,0,18,0,1551,1551,42,102,558,0,258,27,18,66,0,21,0,1089,1089
158700,102,-997,909,99,87,27,24,3,18,0,6,0,1275,1275,42,75,528,0,108,36,57,18,0,15,0,882,882
157600,78,-997,144,24,18,6,9,0,57,3,3,0,345,345,84,21,57,0,75,6,6,15,3,6,0,276,276
156700,123,-997,801,108,84,33,54,0,18,0,12,0,1236,1236,21,69,333,3,66,33,36,42,0,15,0,615,615
156500,201,-997,1380,153,126,63,75,12,42,0,21,0,2076,2076,57,99,417,12,177,45,42,87,0,21,0,960,960
156201,189,-997,1209,144,99,60,45,9,33,0,21,0,1809,1809,48,72,342,6,153,30,45,54,0,36,0,783,783
155602,168,-997,1140,153,96,63,27,3,15,3,24,0,1692,1692,33,108,309,3,276,21,36,54,3,12,0,852,852
157000,156,-997,939,108,69,36,30,3,12,0,9,0,1362,1362,30,75,285,0,96,12,36,51,0,21,0,609,609
159202,153,-997,927,102,81,21,48,3,12,0,18,0,1362,1362,42,93,423,0,198,9,18,48,0,15,0,843,843
160000,162,-997,1158,156,144,27,36,3,9,0,24,0,1719,1719,48,96,630,9,225,39,36,69,0,30,0,1176,1176
159201,90,-997,747,60,66,18,42,6,9,0,24,0,1065,1065,30,69,342,12,165,15,30,33,0,12,0,711,711
159900,78,-997,1005,141,114,36,21,0,15,3,27,0,1434,1434,45,84,435,15,258,45,27,42,0,21,0,969,969
160501,105,-997,741,114,75,21,15,3,6,0,9,0,1089,1089,30,84,435,3,114,27,24,45,0,21,0,780,780
160601,105,-997,828,120,93,30,15,3,15,0,18,0,1227,1227,27,66,384,0,204,45,21,30,0,18,0,792,792
159101,120,-997,945,129,99,24,30,0,12,0,30,0,1392,1392,42,84,303,0,210,21,12,42,0,30,0,741,741
160100,168,-997,1080,189,108,51,54,6,36,0,9,0,1698,1698,36,81,339,3,240,21,45,84,0,30,0,879,879
161201,123,-997,945,138,93,21,36,0,6,0,12,0,1368,1368,57,108,552,12,186,54,36,30,0,21,0,1050,1050
160901,114,-997,885,117,72,30,57,6,9,0,12,0,1299,1299,39,72,411,3,138,30,27,54,0,15,0,789,789
160902,99,-997,765,117,66,33,33,0,24,0,12,0,1149,1149,30,51,471,0,105,15,48,66,0,12,0,804,804
160800,135,-997,888,123,108,45,39,3,15,0,9,0,1365,1365,39,60,399,6,114,9,24,57,0,15,0,726,726
160300,195,-997,1068,141,93,33,42,3,15,0,21,0,1617,1617,51,78,324,0,126,42,42,51,0,21,0,741,741
159600,192,-997,846,180,57,18,24,9,15,3,18,0,1356,1356,39,84,228,3,105,39,33,33,0,33,0,597,597
159000,249,-997,1098,192,54,30,27,6,9,0,12,0,1674,1674,51,81,348,0,42,51,39,57,0,9,0,681,681
158502,222,-997,921,174,60,27,30,3,6,0,9,0,1455,1455,45,90,243,0,39,66,36,48,0,6,0,576,576
157702,99,-997,753,78,102,27,3,0,12,0,15,0,1086,1086,24,57,348,6,144,33,42,21,0,9,0,684,684
157200,78,-997,585,66,84,15,9,3,12,0,15,0,870,870,24,48,309,6,120,15,36,9,0,15,0,579,579
157701,84,-997,765,87,123,30,9,3,9,0,18,0,1119,1119,21,96,459,0,120,9,54,39,0,21,0,822,822
157901,174,-997,1011,162,93,27,27,3,15,0,15,0,1524,1524,48,78,399,0,177,39,57,54,0,15,0,861,861
158501,138,-997,600,63,42,9,21,0,0,0,9,0,885,885,24,60,207,0,51,36,42,30,0,9,0,456,456
158402,105,-997,636,75,75,24,24,0,12,0,12,0,966,966,30,54,309,0,69,33,21,24,0,12,0,552,552
158401,135,-997,687,99,90,30,45,6,30,0,12,0,1137,1137,30,78,435,0,105,21,42,51,0,15,0,786,786
155801,66,-997,732,93,108,30,9,6,18,0,24,0,1086,1086,27,69,459,0,210,21,39,15,0,12,0,858,858
155702,87,-997,750,78,132,42,9,0,18,0,12,0,1125,1125,21,69,429,3,165,21,33,15,0,9,0,759,759
155100,96,-997,945,111,186,39,12,3,24,0,21,0,1437,1437,39,81,591,3,228,33,75,27,0,18,0,1086,1086
152300,27,-997,102,24,9,9,0,3,9,0,0,0,183,183,3,6,15,0,3,3,12,0,0,0,0,45,45
156800,60,-997,624,57,111,27,12,0,9,0,24,0,927,927,12,72,276,0,186,30,39,12,0,30,0,666,666
156000,15,-997,48,3,0,3,3,0,3,0,0,0,75,75,-999,-999,-999,-999,-999,-999,-999,-999,-999,-999,-999,12,12
157500,195,-997,1119,123,102,42,21,0,33,0,15,0,1653,1653,60,99,426,0,54,24,96,27,3,21,0,810,810
152500,153,-997,543,96,39,39,12,6,15,0,6,0,912,912,33,36,177,3,15,12,39,6,0,6,0,324,324
150700,192,-997,990,201,57,51,27,24,30,3,24,0,1593,1593,42,90,345,24,132,48,66,9,0,12,0,762,762
149200,270,-997,1038,162,57,72,33,6,36,9,18,0,1698,1698,48,105,273,12,246,30,117,12,3,6,0,852,852
150500,207,-997,915,162,45,57,21,18,21,0,18,0,1464,1464,60,87,297,12,132,39,87,15,0,9,0,732,732
151500,231,-997,1137,207,78,66,24,21,12,3,18,0,1794,1794,69,87,432,9,111,36,69,18,0,12,0,843,843
148101,255,-997,639,147,36,27,18,15,18,9,12,0,1173,1173,36,60,174,27,201,12,54,6,3,6,0,582,582
149800,276,-997,1167,207,69,93,45,6,15,3,18,0,1896,1896,45,102,354,6,174,36,114,18,0,15,0,861,861
148102,228,-997,879,132,45,81,51,12,27,0,24,0,1482,1482,51,66,270,9,81,12,123,9,0,3,0,621,621
149001,159,-997,873,138,57,54,15,6,27,0,9,0,1344,1344,36,63,285,3,123,27,75,3,0,3,0,615,615
154400,102,-997,672,75,81,30,18,0,12,0,6,0,993,993,18,78,369,3,159,21,30,15,0,12,0,711,711
155701,66,-997,534,48,60,15,15,0,6,0,9,0,744,744,3,42,285,0,78,18,42,9,0,3,0,477,477
153500,102,-997,810,75,114,24,3,0,15,0,15,0,1164,1164,24,63,402,3,222,36,69,12,0,15,0,840,840
155601,177,-997,1089,168,96,45,24,9,21,0,18,0,1644,1644,33,102,402,3,132,24,21,33,0,12,0,762,762
154101,153,-997,954,135,72,51,24,3,18,0,21,0,1434,1434,33,81,381,0,51,18,36,57,0,15,0,675,675
154902,189,-997,1074,117,105,45,54,3,30,0,24,0,1650,1650,33,72,303,9,126,24,36,63,3,18,0,684,684
150900,165,-997,732,111,78,15,30,3,12,0,21,0,1164,1164,33,93,339,3,24,3,42,39,0,9,0,591,591
147001,135,-997,672,87,81,81,63,12,42,3,18,0,1191,1191,42,42,306,6,93,30,90,24,0,6,0,642,642
147002,114,-997,429,54,54,39,33,6,15,0,9,0,750,750,24,33,198,3,48,21,63,15,0,9,0,414,414
126901,351,-997,1161,216,81,42,57,15,9,0,18,0,1950,1950,60,141,504,12,57,24,63,84,0,12,0,960,960
135200,237,-997,696,99,57,96,45,39,48,0,18,0,1332,1332,39,63,138,21,168,9,99,57,0,9,0,603,603
132002,276,-997,711,123,36,129,45,36,24,0,24,0,1401,1401,30,69,186,24,114,12,84,51,0,9,0,582,582
132001,234,-997,876,129,60,117,27,27,42,0,24,0,1539,1539,45,72,201,9,183,9,93,12,0,6,0,633,633
130601,336,-997,1146,159,108,138,27,27,27,3,27,0,1992,1992,60,108,501,15,222,9,129,15,3,15,0,1071,1071
128901,174,-997,792,132,51,63,33,15,9,0,21,0,1287,1287,39,69,273,3,18,33,66,18,0,3,0,525,525
137600,288,-997,759,87,42,195,12,30,27,3,27,0,1464,1464,39,63,210,18,162,6,99,6,0,3,0,612,612
137000,213,-997,606,81,27,192,12,36,63,0,33,0,1263,1263,30,51,135,9,207,3,123,3,0,15,0,585,585
139300,381,-997,801,99,42,240,6,45,39,6,36,0,1695,1695,42,75,183,27,204,39,201,9,0,15,0,795,795
140200,390,-997,915,144,66,246,18,27,78,0,33,0,1911,1911,60,120,222,9,318,24,291,6,0,15,0,1065,1065
142201,204,-997,600,63,36,165,39,9,48,0,15,0,1185,1185,51,51,150,9,99,15,210,6,0,3,0,594,594
146302,144,-997,585,78,57,45,60,9,15,3,9,0,1008,1008,39,81,252,6,99,18,60,27,0,6,0,594,594
120101,105,-997,264,63,18,3,6,6,0,0,3,0,474,474,15,21,87,0,3,6,6,15,3,3,0,156,156
122001,402,-997,1209,183,81,9,132,12,18,0,21,0,2070,2070,72,105,465,6,78,18,18,186,0,18,0,972,972
123000,240,-997,1089,183,105,39,57,6,21,0,21,0,1764,1764,57,93,579,12,129,24,36,81,0,27,0,1041,1041
124200,231,-997,936,150,75,18,78,3,12,0,15,0,1524,1524,51,102,504,3,39,15,30,99,0,12,0,861,861
125000,216,-997,837,159,72,36,63,9,12,0,15,0,1422,1422,51,99,444,9,57,15,24,81,0,6,0,786,786
126000,327,-997,936,168,63,48,66,3,15,3,9,0,1638,1638,48,81,435,6,66,33,51,90,0,9,0,813,813
126100,240,-997,828,132,42,36,60,3,6,3,12,0,1362,1362,39,69,231,21,171,21,18,66,0,12,0,645,645
126702,180,-997,843,141,45,36,60,9,24,0,21,0,1359,1359,42,84,312,15,141,12,21,63,0,6,0,696,696
125701,195,-997,960,156,72,69,39,3,87,0,27,0,1611,1611,66,99,252,12,225,12,42,48,0,24,0,777,777
122901,222,-997,1179,213,99,66,21,9,12,3,27,0,1851,1851,63,105,528,6,114,27,78,9,0,15,0,957,957
124301,180,-997,1107,141,114,63,33,6,27,3,27,0,1698,1698,54,93,492,6,153,21,48,42,0,15,0,924,924
122501,237,-997,1185,201,114,87,9,3,9,0,9,0,1854,1854,63,105,501,6,132,27,81,6,0,12,0,933,933
120900,207,-997,1011,231,75,63,6,9,15,9,18,0,1641,1641,45,111,450,3,63,24,78,12,0,6,0,792,792
123800,195,-997,996,159,69,63,78,6,18,3,12,0,1596,1596,72,84,435,9,138,15,33,111,0,12,0,903,903
121701,219,-997,951,177,63,45,9,9,9,0,21,0,1506,1506,39,96,345,3,99,21,57,27,0,15,0,705,705
120600,222,-997,1026,207,96,54,9,3,12,6,27,0,1659,1659,51,99,393,0,162,21,66,21,0,18,0,831,831
119600,333,-997,999,147,66,99,6,9,24,9,12,0,1704,1704,60,102,351,3,48,30,81,3,0,18,0,693,693
118800,-999,-997,-999,-999,-999,-999,-999,-999,-999,-999,-999,-999,9,9,-999,-999,-999,-999,-999,-999,-999,-999,-999,-999,-999,6,-999
116300,165,-997,249,93,9,12,0,0,3,0,0,0,534,534,9,27,111,0,0,66,18,3,0,6,0,234,234
115901,480,-997,1053,336,33,33,0,3,36,6,24,0,1998,1998,75,78,462,48,132,114,75,9,0,12,0,1005,1005
117002,141,-997,477,75,24,33,3,0,12,12,6,0,783,783,36,42,153,3,3,3,36,3,0,6,0,288,288
117003,36,-997,108,18,6,3,3,0,3,3,0,0,171,171,12,15,33,0,9,6,3,0,3,0,0,75,75
116101,297,-997,618,192,24,6,3,3,27,3,3,0,1173,1173,33,57,189,3,12,57,24,0,0,6,0,387,387
121100,279,-997,750,177,39,6,48,3,6,0,9,0,1320,1320,45,66,294,3,3,27,6,57,0,3,0,504,504
118001,201,-997,612,189,33,6,15,3,9,0,6,0,1074,1074,33,42,243,9,27,48,6,48,0,6,0,465,465
116401,276,-997,522,174,27,6,9,0,9,3,6,0,1029,1029,39,54,177,0,18,45,27,15,0,3,0,381,381
115002,294,-997,723,150,27,21,6,0,9,0,6,0,1233,1233,45,48,207,18,93,33,21,3,0,3,0,468,468
115001,543,-997,1530,423,63,45,3,6,24,6,15,0,2661,2661,96,114,633,57,159,156,63,3,0,3,0,1290,1290
113500,222,-997,480,114,15,45,0,0,3,0,3,0,888,888,27,36,174,0,6,69,36,0,0,0,0,348,348
112500,252,-997,522,177,24,39,0,0,6,0,9,0,1029,1029,48,45,177,0,12,99,51,0,0,0,0,432,432
113700,-999,-997,-999,-999,-999,-999,-999,-999,-999,-999,-999,-999,3,-999,-999,-999,-999,-999,-999,-999,-999,-999,-999,-999,-999,0,-999
115501,369,-997,573,162,24,45,0,3,0,0,9,0,1182,1182,42,63,252,0,9,108,102,0,0,0,0,582,582
116601,336,-997,732,201,39,78,3,3,21,0,15,0,1428,1428,75,81,282,9,18,93,84,0,0,3,0,645,645
113402,255,-997,486,180,27,42,0,0,9,0,6,0,1005,1005,42,60,204,0,3,48,57,0,0,6,0,420,420
113401,411,-997,606,174,21,108,0,0,3,0,9,0,1329,1329,57,36,357,15,48,30,81,0,0,9,0,633,633
112101,231,-997,516,144,21,36,0,0,9,0,0,0,963,963,36,33,156,0,3,69,39,0,0,3,0,339,339
111200,654,-997,1095,363,75,45,0,3,9,0,9,0,2256,2256,102,66,336,3,15,303,39,0,0,6,0,870,870
112102,30,-997,36,9,0,3,0,0,0,0,0,0,75,75,6,3,21,0,0,3,3,0,0,0,0,36,36
112902,204,-997,387,108,21,51,0,3,3,0,3,0,786,786,33,42,213,18,15,18,42,0,0,15,0,390,390
112702,132,-997,234,75,12,33,0,0,9,0,6,0,498,498,15,24,126,6,9,12,27,0,0,0,0,216,216
113101,558,-997,888,243,48,141,0,6,18,0,15,0,1917,1917,72,99,549,42,123,135,117,0,0,9,0,1149,1149
113600,249,-997,693,192,36,93,0,3,33,0,9,0,1311,1311,66,51,255,36,126,45,102,0,0,6,0,681,681
112901,234,-997,657,150,42,60,0,15,48,0,15,0,1221,1221,33,27,177,18,126,12,45,0,0,0,0,441,441
112701,516,-997,1047,282,57,96,0,6,45,0,15,0,2061,2061,90,99,324,27,201,75,87,0,0,12,0,915,915
112800,213,-997,447,144,15,39,0,0,3,0,6,0,861,861,42,21,171,6,9,21,27,0,0,3,0,306,306
113000,312,-997,702,171,30,69,0,3,66,0,9,0,1362,1362,48,30,162,18,126,21,33,0,0,3,0,435,435
114000,447,-997,1092,297,48,135,0,12,36,0,15,0,2082,2082,81,102,291,39,120,156,102,0,0,3,0,891,891
113900,363,-997,786,195,45,78,0,9,33,0,9,0,1518,1518,69,81,288,24,57,69,69,0,0,6,0,666,666
113800,99,-997,252,48,15,39,0,3,30,0,6,0,480,480,21,24,117,0,15,21,36,0,0,0,0,237,237
113300,579,-997,1128,282,60,177,0,9,63,0,15,0,2316,2316,102,108,666,45,168,150,159,3,0,3,0,1401,1401
114101,177,-997,345,114,15,12,0,0,3,0,3,0,672,672,27,30,99,0,0,60,36,0,0,0,0,258,258
115601,270,-997,489,117,15,39,3,0,6,0,6,0,951,951,48,66,198,0,3,45,45,0,0,3,0,408,408
117400,240,-997,678,153,33,102,0,12,36,0,9,0,1263,1263,54,108,204,51,180,21,108,0,0,6,0,732,732
116701,537,-997,1257,249,75,183,3,9,36,0,24,0,2367,2367,117,198,549,3,48,105,162,0,0,9,0,1194,1194
117300,174,-997,420,63,18,147,0,3,51,0,6,0,876,876,54,81,81,3,129,9,117,0,0,3,0,480,480
118100,351,-997,960,216,57,117,3,9,60,3,15,0,1791,1791,63,120,333,27,180,21,120,0,0,15,0,879,879
119901,282,-997,834,135,57,147,0,0,12,0,12,0,1482,1482,45,66,240,3,27,72,132,0,0,6,0,591,591
121001,369,-997,1236,237,81,228,3,3,33,0,21,0,2214,2214,72,105,387,3,108,90,183,3,0,12,0,966,966
123300,435,-997,1242,249,81,207,3,12,18,0,33,0,2283,2283,66,144,396,0,87,69,186,3,0,9,0,957,957
122101,306,-997,1056,174,48,129,3,6,18,0,18,0,1755,1755,63,96,300,3,66,42,111,3,0,6,0,687,687
121401,225,-997,819,141,42,117,0,3,12,3,12,0,1377,1377,60,78,207,3,102,63,90,0,0,6,0,609,609
119400,321,-997,654,147,39,69,0,3,9,0,9,0,1251,1251,51,78,279,9,15,60,99,0,0,6,0,600,600
122801,264,-997,696,120,54,156,3,9,27,0,15,0,1341,1341,48,54,249,3,123,36,102,0,0,3,0,621,621
122802,330,-997,939,177,54,219,3,12,24,3,21,0,1773,1773,60,72,270,3,198,39,129,3,3,12,0,792,792
122400,375,-997,1131,192,78,225,0,6,24,3,27,0,2067,2067,78,96,444,3,195,69,204,0,0,9,0,1101,1101
123900,495,-997,912,186,42,225,0,12,15,9,18,0,1914,1914,57,81,252,6,159,75,162,3,0,3,0,798,798
125201,369,-997,741,144,30,234,3,9,21,12,18,0,1578,1578,57,63,213,6,75,60,126,3,0,6,0,606,606
124401,420,-997,1179,201,78,243,3,3,30,0,30,0,2190,2190,63,81,378,6,129,45,150,0,0,9,0,864,864
126300,459,-997,903,186,39,216,0,9,27,3,27,0,1869,1869,57,84,246,6,111,141,225,0,0,9,0,879,879
129902,333,-997,891,159,48,186,6,69,60,3,45,0,1800,1800,54,69,204,84,258,36,111,9,3,6,0,834,834
131900,276,-997,750,93,57,144,78,45,36,0,18,0,1494,1494,54,63,195,27,186,12,105,60,0,12,0,711,711
131100,369,-997,1140,153,72,228,18,84,21,0,33,0,2112,2112,87,102,363,48,246,21,183,21,0,9,0,1077,1077
129201,309,-997,660,138,42,129,6,60,27,0,27,0,1398,1398,42,60,168,63,183,45,78,6,0,12,0,654,654
129901,351,-997,636,99,45,78,6,81,21,0,24,0,1344,1344,45,60,132,84,210,51,90,6,0,6,0,687,687
128700,-999,-997,-999,-999,-999,-999,-999,-999,-999,-999,-999,-999,3,-999,-999,-999,-999,-999,-999,-999,-999,-999,-999,-999,-999,0,-999
121800,390,-997,984,219,36,225,0,6,18,6,21,0,1902,1902,72,72,363,3,90,72,177,0,0,9,0,858,858
119100,414,-997,981,243,39,105,3,3,18,3,9,0,1818,1818,60,114,345,12,150,123,153,0,0,3,0,966,966
118400,465,-997,1182,273,63,156,0,3,21,0,24,0,2184,2184,78,174,468,18,87,99,195,3,0,15,0,1137,1137
118900,519,-997,1077,276,51,114,0,6,15,6,21,0,2085,2085,78,135,261,0,117,222,150,0,3,9,0,978,978
120201,558,-997,1032,204,36,48,3,18,27,156,15,0,2094,2094,78,72,246,30,306,27,39,3,21,3,0,822,822
120203,396,-997,957,204,42,36,0,12,24,63,12,0,1749,1749,75,117,336,42,192,33,51,3,15,6,0,867,867
120202,843,-997,1617,258,54,147,3,15,54,156,24,0,3174,3174,141,105,522,48,390,36,84,0,33,15,0,1380,1380
117001,636,-997,1692,375,54,60,3,72,84,39,30,0,3042,3042,117,153,501,27,120,165,105,0,24,15,0,1227,1227
119800,297,-997,1317,273,108,57,3,12,36,21,42,0,2166,2166,102,120,573,6,141,75,117,6,9,15,0,1164,1164
121600,357,-997,1317,282,102,60,3,18,18,21,27,0,2205,2205,78,117,447,6,66,84,81,9,6,12,0,903,903
120701,411,-997,1029,213,45,39,0,12,15,54,18,0,1839,1839,63,117,315,9,132,90,102,0,18,6,0,852,852
119201,222,-997,537,138,21,36,3,0,18,30,15,0,1017,1017,36,48,204,9,60,27,39,3,0,3,0,426,426
120301,369,-997,1044,240,45,27,0,9,24,75,12,0,1848,1848,57,123,285,15,144,69,93,3,39,12,0,846,846
123200,348,-997,1164,198,54,102,3,39,33,0,18,0,1956,1956,81,90,402,72,198,24,87,3,0,9,0,966,966
124800,408,-997,1353,261,66,120,0,51,54,0,18,0,2334,2334,75,111,438,69,351,18,78,9,0,6,0,1152,1152
126401,267,-997,1002,171,69,99,9,15,27,0,15,0,1674,1674,57,69,297,15,198,18,102,9,0,12,0,777,777
122300,279,-997,1062,234,87,45,3,12,24,3,24,0,1776,1776,69,111,462,0,72,66,93,12,3,21,0,912,912
124900,237,-997,1026,171,78,75,30,12,51,0,27,0,1710,1710,54,93,336,6,243,12,36,33,0,15,0,831,831
125100,12,-997,18,6,0,0,0,0,9,0,0,0,51,51,-999,-999,-999,-999,9,-999,-999,-999,-999,-999,-999,15,15
126701,126,-997,543,78,51,39,30,3,51,0,12,0,933,933,39,45,198,3,129,3,27,39,0,12,0,495,495
127500,87,-997,312,63,27,27,27,6,30,3,6,0,588,588,21,24,72,3,30,9,12,24,0,9,0,204,204
128401,273,-997,1437,189,117,114,63,15,36,0,21,0,2262,2262,81,108,486,9,96,39,111,75,0,21,0,1020,1020
127900,198,-997,705,114,60,72,15,15,42,0,15,0,1242,1242,42,63,261,6,66,15,78,15,0,15,0,558,558
127002,258,-997,1020,195,78,84,6,30,21,0,30,0,1728,1728,63,93,351,18,111,15,114,12,0,12,0,783,783
128902,156,-997,717,102,63,54,18,3,6,0,21,0,1134,1134,39,54,303,3,21,33,66,18,0,12,0,549,549
128501,309,-997,1059,195,51,102,30,18,15,0,12,0,1791,1791,63,105,324,6,168,57,150,18,0,15,0,903,903
127701,171,-997,684,105,57,57,9,12,15,0,24,0,1131,1131,45,63,189,9,108,21,87,9,0,6,0,534,534
127001,282,-997,1083,201,81,102,3,21,30,0,21,0,1824,1824,45,99,324,12,168,12,96,6,0,15,0,771,771
124500,366,-997,1053,201,66,108,0,54,30,0,24,0,1905,1905,69,108,366,78,276,24,102,0,0,18,0,1041,1041
125300,327,-997,828,183,63,84,0,24,27,0,12,0,1548,1548,48,72,285,33,135,12,99,0,0,9,0,696,696
134200,402,-997,981,147,63,204,69,87,63,3,42,0,2064,2064,51,99,195,24,381,24,129,105,0,9,0,1023,1023
132200,453,-997,1029,165,51,165,147,84,54,3,30,0,2187,2187,75,93,306,18,432,30,132,120,0,9,0,1215,1215
136300,459,-997,975,132,60,294,69,78,117,0,45,0,2229,2229,66,87,234,30,300,15,189,39,0,12,0,972,972
135800,231,-997,513,72,30,165,18,24,66,0,21,0,1143,1143,33,57,96,15,153,3,123,12,0,6,0,501,501
133600,456,-997,1083,177,51,228,132,111,129,0,51,0,2418,2418,72,102,225,42,126,15,123,39,0,18,0,765,765
130400,291,-997,594,90,33,90,6,48,114,0,42,0,1311,1311,27,51,120,27,132,105,72,6,0,9,0,549,549
132100,363,-997,744,114,45,198,9,72,93,3,36,0,1677,1677,51,63,180,36,180,57,129,6,0,9,0,708,708
131600,414,-997,801,111,51,189,3,96,216,0,63,0,1938,1938,54,60,183,51,189,51,99,3,0,12,0,702,702
129700,420,-997,726,117,36,87,0,72,114,0,33,0,1614,1614,57,72,105,9,123,165,81,9,0,9,0,630,630
130300,393,-997,813,135,51,150,0,69,81,0,45,0,1737,1737,42,81,138,30,258,81,93,3,0,6,0,735,735
129800,357,-997,621,105,33,117,0,48,39,0,15,0,1338,1338,24,66,162,30,162,96,84,3,0,9,0,633,633
126500,327,-997,747,138,39,324,0,6,48,6,27,0,1662,1662,51,72,216,0,111,51,153,0,0,6,0,666,666
125202,228,-997,432,87,21,105,0,0,12,3,12,0,906,906,36,45,174,0,39,36,51,0,0,6,0,390,390
123100,273,-997,954,153,63,201,0,6,36,0,27,0,1710,1710,48,90,261,3,78,27,156,0,0,3,0,666,666
120400,396,-997,1032,210,72,198,3,6,27,0,18,0,1959,1959,60,120,327,3,24,111,174,3,0,3,0,822,822
122700,309,-997,1188,171,60,207,3,6,51,0,24,0,2025,2025,63,111,351,9,84,42,189,0,0,12,0,858,858
124000,375,-997,1305,177,90,267,0,9,66,0,30,0,2319,2319,84,132,303,6,210,51,207,3,0,15,0,1008,1008
121901,297,-997,1176,165,54,210,3,6,42,0,30,0,1986,1986,75,114,312,6,72,57,183,0,3,12,0,834,834
121500,285,-997,975,159,48,186,0,3,30,0,18,0,1707,1707,63,78,294,3,60,63,174,0,0,6,0,735,735
121200,252,-997,801,129,54,213,0,3,24,0,12,0,1494,1494,45,75,240,12,69,69,195,0,0,3,0,711,711
124600,192,-997,714,129,42,132,0,6,45,0,18,0,1275,1275,36,63,249,0,69,21,117,0,0,6,0,564,564
125600,348,-997,1026,174,60,225,0,18,51,0,33,0,1935,1935,69,138,261,30,180,39,171,3,0,3,0,891,891
126200,420,-997,1272,207,54,231,0,18,27,6,30,0,2262,2262,81,144,294,24,201,81,162,3,0,6,0,999,999
125800,372,-997,1083,171,45,237,0,9,21,0,30,0,1965,1965,87,105,261,15,132,72,189,3,0,9,0,870,870
127400,423,-997,798,162,27,240,0,6,72,45,21,0,1794,1794,54,63,192,0,147,93,174,0,12,6,0,744,744
128200,390,-997,843,156,33,222,3,6,36,9,15,0,1713,1713,57,63,195,9,171,78,144,0,0,6,0,720,720
127100,219,-997,753,102,57,183,3,12,24,0,15,0,1374,1374,54,75,168,6,102,21,117,0,0,6,0,552,552
127300,333,-997,786,120,42,219,0,3,36,3,15,0,1557,1557,45,72,174,6,123,45,123,0,0,9,0,606,606
123500,21,-997,33,6,3,6,0,0,6,0,0,0,69,69,3,3,9,0,12,0,6,0,0,0,0,30,30
123400,390,-997,1209,177,51,249,3,15,45,0,24,0,2169,2169,63,129,342,12,285,57,228,0,0,9,0,1134,1134
122600,246,-997,759,105,48,177,0,6,6,0,9,0,1362,1362,45,72,261,6,57,87,171,0,0,9,0,708,708
125500,258,-997,738,120,45,156,0,12,150,0,15,0,1491,1491,45,69,150,39,264,24,114,3,0,6,0,708,708
123600,450,-997,1080,180,60,207,3,9,39,0,15,0,2034,2034,75,138,339,33,141,90,192,0,0,15,0,1023,1023
125400,354,-997,765,141,39,180,3,21,75,0,18,0,1590,1590,45,75,192,42,171,45,132,0,0,6,0,702,702
126601,354,-997,750,117,39,267,3,21,138,0,15,0,1701,1701,66,66,147,24,198,36,153,3,0,9,0,705,705
127200,60,-997,261,27,18,42,0,0,24,0,6,0,444,444,9,27,57,3,99,3,45,0,0,3,0,246,246
128101,282,-997,696,129,24,162,3,6,21,0,24,0,1353,1353,45,84,207,6,60,21,117,3,0,9,0,540,540
131300,246,-997,192,51,9,69,12,9,273,6,18,0,879,879,18,15,21,3,30,0,18,3,0,6,0,114,114
132700,276,-997,204,27,15,177,66,12,717,6,36,0,1530,1530,60,24,21,3,318,3,87,9,3,9,0,540,540
133400,231,-997,300,27,27,276,42,12,669,6,51,0,1644,1644,54,45,33,6,387,3,126,15,3,6,0,669,669
134100,222,-997,237,36,21,213,18,18,462,9,36,0,1275,1275,48,30,18,3,324,3,81,3,0,18,0,531,531
134302,144,-997,192,24,27,141,18,15,300,3,27,0,888,888,30,15,15,12,81,0,36,0,0,6,0,192,192
133800,132,-997,168,24,18,129,21,21,477,6,36,0,1029,1029,30,18,9,3,231,0,51,0,0,3,0,345,345
132400,447,-997,480,66,30,222,21,39,744,6,81,0,2133,2133,84,48,45,6,399,9,111,6,0,18,0,726,726
134301,162,-997,222,33,9,93,6,21,159,0,27,0,732,732,30,21,21,9,72,0,36,0,0,3,0,198,198
130200,321,-997,468,72,24,78,6,39,174,9,51,0,1242,1242,36,33,45,6,84,54,72,3,0,6,0,348,348
131200,501,-997,786,120,36,162,3,66,369,3,51,0,2100,2100,57,69,108,21,183,69,123,6,0,12,0,648,648
132800,477,-997,954,147,54,249,6,108,360,3,60,0,2418,2418,63,102,189,42,189,51,129,3,0,15,0,783,783
131801,486,-997,681,132,33,171,6,81,546,6,60,0,2205,2205,66,54,93,15,150,60,96,3,0,15,0,558,558
131802,111,-997,87,30,6,27,0,6,141,0,3,0,417,417,12,6,18,0,27,0,18,0,0,3,0,84,84
133500,270,-997,432,66,30,165,15,39,276,0,33,0,1323,1323,36,39,45,15,96,12,75,6,0,6,0,330,330
134400,414,-997,873,147,39,282,108,120,192,6,57,0,2232,2232,78,93,171,42,126,12,144,24,0,9,0,696,696
136200,201,-997,465,54,21,126,54,42,78,0,12,0,1053,1053,36,36,93,21,87,15,93,21,0,6,0,405,405
138100,399,-997,846,117,54,264,3,66,96,0,39,0,1884,1884,42,78,228,36,225,27,198,6,0,15,0,849,849
138400,417,-997,975,120,42,282,6,78,105,0,36,0,2064,2064,66,99,252,36,219,30,213,6,0,15,0,942,942
136900,249,-997,564,78,33,234,12,42,108,3,30,0,1344,1344,45,60,87,24,108,15,144,0,0,6,0,489,489
136001,474,-997,837,141,42,342,15,57,468,3,78,0,2460,2460,90,66,66,15,186,6,129,3,0,12,0,573,573
137800,363,-997,807,114,48,321,9,60,177,3,39,0,1938,1938,69,66,129,18,222,24,168,3,0,9,0,708,708
139000,357,-997,747,114,45,237,6,51,87,0,33,0,1680,1680,42,81,216,33,180,30,162,3,0,6,0,756,756
137701,192,-997,357,63,15,162,12,24,123,0,24,0,969,969,36,33,63,6,66,3,75,3,3,6,0,288,288
138700,345,-997,756,132,60,228,27,33,150,0,39,0,1761,1761,45,99,225,6,336,15,210,9,0,12,0,954,954
138501,288,-997,468,51,27,270,117,18,333,0,24,0,1599,1599,75,48,75,3,273,9,210,12,0,3,0,711,711
139400,375,-997,627,96,33,99,60,30,108,0,36,0,1470,1470,42,90,300,3,120,42,105,21,0,9,0,735,735
138502,156,-997,246,39,9,45,54,15,78,3,18,0,660,660,24,18,57,0,54,3,42,6,0,6,0,210,210
140300,345,-997,798,93,72,207,63,24,150,3,27,0,1779,1779,60,87,327,18,294,15,204,24,0,24,0,1044,1044
135700,147,-997,207,33,18,135,9,21,240,3,45,0,855,855,36,9,36,3,303,6,69,3,0,12,0,477,477
136400,579,-997,834,153,42,363,63,66,576,6,57,0,2742,2742,87,84,156,27,960,15,201,12,0,12,0,1554,1554
133301,243,-997,273,39,21,189,39,27,417,6,18,0,1272,1272,39,24,48,6,174,6,93,12,0,9,0,414,414
134500,372,-997,285,60,24,333,72,36,855,15,57,0,2106,2106,72,27,39,6,486,0,105,9,0,9,0,753,753
134800,21,-997,18,0,0,12,3,0,27,0,3,0,84,84,6,6,0,0,18,0,3,0,0,0,0,33,33
133700,279,-997,198,39,15,162,60,27,531,6,36,0,1344,1344,63,21,12,3,207,6,45,6,0,12,0,375,375
136100,180,-997,303,36,18,165,15,24,300,0,15,0,1059,1059,51,27,45,12,372,3,90,6,0,6,0,612,612
135900,147,-997,174,21,30,225,18,21,357,3,15,0,1008,1008,42,27,18,6,1182,0,108,9,0,6,0,1398,1398
136002,168,-997,318,30,18,138,12,24,261,0,21,0,990,990,30,24,48,6,99,3,69,0,0,6,0,279,279
135300,240,-997,306,27,36,408,30,18,702,6,54,0,1827,1827,69,42,45,6,855,9,162,12,0,15,0,1215,1215
135100,216,-997,189,18,18,357,30,9,591,3,48,0,1482,1482,57,30,15,3,1239,30,180,6,3,9,0,1569,1569
133200,219,-997,132,18,12,162,39,24,468,9,24,0,1113,1113,27,18,15,6,162,3,57,9,0,9,0,306,306
119301,-999,-997,-999,-999,-999,-999,-999,-999,-999,-999,-999,-999,3,-999,-999,-999,-999,-999,-999,-999,-999,-999,-999,-999,-999,0,-999
123702,282,-997,567,108,39,126,3,9,24,0,18,0,1170,1170,51,72,207,15,36,99,81,3,0,9,0,576,576
123701,330,-997,684,156,36,99,0,15,12,0,15,0,1341,1341,45,78,156,12,102,153,93,0,3,9,0,648,648
125900,270,-997,414,93,18,99,3,12,42,3,15,0,966,966,27,45,111,21,69,33,69,0,0,3,0,378,378
126801,450,-997,669,132,15,150,3,18,129,3,15,0,1581,1581,54,60,144,15,54,39,114,0,0,6,0,483,483
128601,291,-997,552,90,24,123,0,21,66,6,15,0,1188,1188,42,51,117,63,111,18,69,0,0,15,0,483,483
128800,555,-997,1167,162,57,267,3,45,75,24,36,0,2388,2388,78,117,321,102,453,51,147,3,3,15,0,1293,1293
129400,336,-997,726,108,24,105,6,42,24,111,18,0,1503,1503,45,69,219,123,117,30,75,3,27,12,0,717,717
131400,372,-997,408,48,24,12,3,21,114,183,27,0,1212,1212,51,36,96,15,117,126,33,3,30,48,0,552,552
130700,621,-997,912,156,57,102,3,57,105,228,39,0,2289,2289,78,93,330,156,321,60,72,3,48,15,0,1179,1179
129300,312,-997,765,129,36,135,3,24,54,72,24,0,1557,1557,66,63,165,27,405,24,81,0,12,6,0,849,849
134000,276,-997,369,33,12,24,6,27,54,186,12,0,999,999,48,39,99,60,63,108,30,3,33,6,0,486,486
139201,423,-997,774,126,30,120,21,51,15,0,33,0,1593,1593,39,90,207,9,84,60,99,12,0,12,0,612,612
133000,501,-997,564,102,24,48,9,54,135,309,24,0,1767,1767,72,45,153,75,132,120,72,6,96,9,0,777,777
137400,498,-997,717,129,45,189,9,66,219,3,54,0,1932,1932,63,87,201,21,210,39,120,12,3,12,0,771,771
141000,459,-997,1020,168,60,198,60,30,93,0,33,0,2127,2127,66,141,348,12,171,87,246,21,0,12,0,1107,1107
140000,510,-997,966,168,57,141,42,27,57,0,36,0,2007,2007,60,129,411,15,198,93,141,39,0,15,0,1098,1098
141600,381,-997,702,117,39,111,39,24,36,0,21,0,1473,1473,45,96,294,6,54,75,120,24,0,6,0,720,720
140500,441,-997,885,165,51,66,81,36,27,3,39,0,1785,1785,57,108,363,15,126,111,132,51,0,12,0,978,978
146301,108,-997,555,72,75,60,54,9,24,0,15,0,975,975,33,69,273,3,234,12,57,36,0,0,0,723,723
145101,420,-997,912,150,48,96,42,36,36,0,21,0,1758,1758,66,75,285,39,357,66,87,9,0,9,0,996,996
144700,357,-997,1167,174,117,123,111,24,69,3,27,0,2166,2166,66,99,600,18,207,39,96,51,0,12,0,1185,1185
143000,582,-997,912,183,33,156,12,60,54,0,30,0,2022,2022,60,105,285,18,225,93,96,9,0,6,0,900,900
144001,459,-997,879,156,54,99,24,54,21,3,18,0,1764,1764,51,96,270,24,387,129,90,9,0,3,0,1056,1056
145800,375,-997,1386,186,114,153,108,42,30,3,24,0,2421,2421,78,162,615,12,369,63,153,33,0,21,0,1506,1506
162701,294,-997,585,180,18,3,6,3,27,6,0,0,1125,1125,24,27,132,0,15,141,6,9,3,3,0,360,360
151700,189,-997,246,48,27,21,0,9,9,69,9,0,630,630,27,15,72,3,3,18,6,0,12,0,0,159,159
168600,153,-997,249,75,12,0,0,0,15,0,6,0,513,513,18,6,54,3,9,48,0,0,0,0,0,138,138
170700,243,-997,498,165,24,0,0,0,21,3,15,0,966,966,45,18,237,3,12,129,3,3,0,9,0,459,459
169800,204,-997,273,114,30,0,0,3,15,0,15,0,651,651,18,18,126,0,12,108,0,0,0,3,0,285,285
165200,216,-997,453,180,21,0,15,3,12,3,6,0,909,909,33,42,171,0,18,69,3,18,0,3,0,357,357
166400,339,-997,672,252,39,3,12,3,6,0,9,0,1332,1332,45,57,282,3,21,123,0,21,0,9,0,555,555
168701,228,-997,294,87,9,0,0,3,15,0,33,0,672,672,24,15,126,0,15,96,3,0,0,0,0,279,279
145102,234,-997,477,72,39,51,12,18,36,0,9,0,945,945,36,54,144,12,228,36,48,15,0,6,0,582,582
148401,195,-997,690,168,33,24,21,9,18,9,12,0,1179,1179,33,63,183,24,174,6,42,15,0,3,0,543,543
147800,303,-997,846,180,36,21,12,9,15,39,12,0,1476,1476,48,81,306,15,120,18,57,9,24,6,0,681,681
142700,516,-997,963,150,42,135,18,51,39,3,21,0,1938,1938,48,102,402,24,159,108,72,3,0,9,0,927,927
143500,507,-997,1152,192,51,180,42,69,33,0,30,0,2256,2256,69,114,345,27,279,96,117,12,0,3,0,1068,1068
145400,18,-997,69,3,6,12,9,0,9,0,3,0,132,132,6,3,24,0,3,0,6,0,0,0,0,42,42
146700,27,-997,87,9,9,15,9,0,6,0,0,0,162,162,6,3,21,0,15,3,12,6,0,0,0,66,66
144500,291,-997,924,117,66,117,102,15,39,0,24,0,1695,1695,72,84,306,6,57,36,111,24,0,9,0,705,705
143200,306,-997,840,141,24,87,81,30,24,0,21,0,1551,1551,63,66,261,18,39,135,93,15,0,6,0,696,696
145700,267,-997,573,90,18,33,54,9,15,0,12,0,1071,1071,33,42,132,9,123,69,51,15,0,3,0,474,474
146000,201,-997,687,93,36,99,69,18,27,0,15,0,1242,1242,39,57,147,6,66,48,75,30,0,6,0,468,468
144900,324,-997,609,105,30,33,63,6,18,0,9,0,1200,1200,36,48,213,9,123,57,36,12,0,6,0,540,540
143700,363,-997,825,132,48,96,42,27,24,0,15,0,1569,1569,63,84,297,9,42,144,120,21,0,9,0,795,795
141101,384,-997,750,123,27,144,9,48,36,0,12,0,1530,1530,33,72,180,12,114,60,78,9,0,6,0,570,570
141802,291,-997,540,87,18,87,15,33,21,0,15,0,1107,1107,39,42,165,9,162,75,42,12,0,6,0,552,552
141801,294,-997,597,120,27,105,9,51,21,0,30,0,1254,1254,39,48,144,6,120,42,78,6,0,9,0,489,489
140100,327,-997,783,123,45,78,9,45,39,0,39,0,1494,1494,54,108,258,27,60,24,87,9,0,3,0,627,627
141102,219,-997,492,81,27,81,9,21,18,0,12,0,957,957,42,54,117,9,69,33,48,3,0,6,0,381,381
145300,210,-997,828,111,54,144,33,15,36,0,18,0,1449,1449,42,51,159,9,99,33,102,12,0,6,0,516,516
143900,282,-997,735,120,36,102,48,18,24,0,12,0,1377,1377,57,66,270,6,48,78,111,12,0,0,0,654,654
141900,321,-997,744,132,27,48,147,45,24,0,18,0,1512,1512,54,69,249,24,147,165,81,27,0,12,0,825,825
142400,357,-997,762,129,33,66,63,33,27,0,18,0,1491,1491,48,75,225,9,168,153,102,21,0,6,0,804,804
144400,357,-997,1050,171,27,117,51,15,42,0,21,0,1854,1854,57,84,381,12,72,69,114,6,0,12,0,810,810
143100,516,-997,1149,189,60,171,72,27,42,0,27,0,2253,2253,69,96,357,18,87,111,189,12,0,9,0,951,951
116000,204,-997,360,114,21,27,0,3,6,24,9,0,762,762,39,21,144,9,15,60,30,0,3,6,0,327,327
114300,24,-997,12,6,0,3,0,0,9,9,6,0,66,66,-999,-999,-999,-999,-999,-999,-999,-999,-999,-999,-999,9,9
116200,465,-997,672,177,21,60,0,6,15,63,9,0,1485,1485,72,48,333,6,42,114,54,0,18,9,0,699,699
115700,423,-997,747,237,42,87,0,0,15,42,9,0,1599,1599,69,42,306,9,108,159,75,0,18,3,0,786,786
115400,327,-997,480,141,21,21,0,0,9,21,9,0,1032,1032,30,39,219,3,15,57,33,0,9,0,0,402,402
115800,393,-997,900,297,36,84,0,3,30,12,12,0,1773,1773,78,60,324,21,168,72,84,0,6,12,0,822,822
115200,309,-997,648,201,33,57,0,6,27,6,12,0,1293,1293,57,54,186,12,153,54,51,0,0,6,0,579,579
114902,288,-997,606,171,45,54,0,3,18,0,6,0,1191,1191,42,33,240,6,51,45,60,0,0,3,0,480,480
115100,300,-997,810,216,42,75,0,0,45,0,9,0,1500,1500,54,54,303,3,150,51,57,0,0,6,0,681,681
117202,336,-997,708,150,30,120,0,6,18,0,15,0,1380,1380,57,60,267,3,48,90,96,3,0,3,0,630,630
122200,426,-997,777,144,30,135,0,9,21,0,9,0,1557,1557,45,87,237,3,108,207,123,0,0,6,0,819,819
120800,339,-997,837,171,39,150,0,3,24,0,18,0,1581,1581,51,105,270,9,216,51,129,0,0,6,0,840,840
120000,324,-997,588,123,27,90,0,0,12,0,9,0,1182,1182,33,69,174,6,204,45,72,0,0,0,0,603,603
119000,429,-997,780,177,39,120,0,9,24,0,12,0,1593,1593,57,105,276,15,165,108,87,3,0,6,0,825,825
120500,357,-997,777,159,54,156,0,6,27,0,12,0,1545,1545,69,84,204,6,342,27,123,3,0,9,0,858,858
121300,315,-997,885,159,51,204,0,3,39,0,6,0,1668,1668,57,81,258,6,168,114,192,0,0,6,0,882,882
119500,336,-997,726,132,27,114,0,6,21,0,6,0,1359,1359,54,72,213,9,303,45,84,0,0,3,0,780,780
118700,360,-997,918,159,42,138,0,6,27,0,15,0,1662,1662,63,111,339,9,135,78,111,0,0,6,0,849,849
117500,420,-997,972,204,54,153,0,9,9,0,30,0,1854,1854,90,90,348,9,162,93,147,0,0,12,0,954,954
118300,360,-997,873,177,42,129,3,15,45,3,9,0,1647,1647,72,78,300,3,51,63,99,0,0,3,0,675,675
117900,522,-997,1092,261,60,177,0,6,21,0,33,0,2175,2175,93,96,336,15,189,129,159,0,0,6,0,1026,1026
117201,321,-997,846,192,39,129,3,3,21,0,21,0,1572,1572,54,78,303,9,168,87,102,0,0,9,0,813,813
116500,516,-997,750,171,39,144,0,0,18,0,12,0,1650,1650,75,123,390,9,207,96,123,0,0,12,0,1026,1026
116801,465,-997,1080,228,66,168,3,6,15,0,21,0,2052,2052,90,111,378,12,141,72,147,0,0,9,0,957,957
117700,402,-997,1029,192,51,168,0,3,18,0,9,0,1869,1869,78,120,258,3,147,105,141,0,0,6,0,858,858
118200,492,-997,1275,255,63,171,3,3,21,0,15,0,2301,2301,63,129,444,12,189,126,171,0,0,12,0,1146,1146
119700,168,-997,423,54,15,81,0,3,12,0,6,0,765,765,15,54,156,3,99,9,66,0,0,6,0,405,405
118501,243,-997,651,150,33,102,0,0,21,0,12,0,1209,1209,45,93,237,3,117,42,111,0,0,6,0,651,651
118502,228,-997,711,129,36,114,0,9,42,0,3,0,1275,1275,33,102,309,6,144,21,126,0,0,12,0,753,753
118600,99,-997,186,48,3,27,0,3,24,0,6,0,390,390,15,24,39,0,18,3,15,0,0,0,0,117,117
117800,240,-997,630,114,36,153,0,0,33,0,9,0,1218,1218,54,99,237,3,132,39,165,0,0,9,0,738,738
116900,408,-997,1077,201,48,210,0,6,9,3,21,0,1980,1980,87,189,507,9,66,48,237,0,3,12,0,1152,1152
117600,321,-997,930,156,45,153,3,6,21,0,15,0,1647,1647,54,93,252,12,213,66,174,0,0,12,0,876,876
114801,204,-997,375,126,27,36,0,3,3,0,6,0,777,777,30,45,153,0,9,87,27,0,0,3,0,345,345
114901,297,-997,711,198,42,75,3,0,27,0,9,0,1365,1365,57,36,309,3,75,42,54,0,0,0,0,585,585
114600,297,-997,786,201,36,84,3,0,27,0,12,0,1446,1446,60,63,228,6,180,75,54,0,0,6,0,672,672
114400,318,-997,804,228,30,87,3,3,6,3,12,0,1497,1497,81,60,333,12,15,93,69,0,0,6,0,675,675
114102,123,-997,288,117,21,18,0,0,0,0,6,0,573,573,21,12,66,0,0,111,12,0,0,0,0,225,225
110800,330,-997,615,195,39,12,0,0,6,3,9,0,1203,1203,63,30,234,0,3,165,18,0,0,3,0,519,519
111602,255,-997,507,186,24,24,0,0,6,0,3,0,1005,1005,36,33,219,0,3,111,24,0,0,0,0,420,420
112401,267,-997,987,315,63,24,0,9,72,0,9,0,1743,1743,75,63,330,15,258,15,27,3,0,6,0,792,792
112301,225,-997,516,186,21,9,0,0,12,0,6,0,978,978,45,48,198,0,18,33,15,0,0,3,0,360,360
111601,129,-997,321,111,12,18,0,0,9,0,6,0,609,609,27,30,150,3,6,42,30,0,0,3,0,291,291
112600,279,-997,516,177,24,6,0,3,6,0,12,0,1023,1023,45,39,171,0,9,123,15,0,0,0,0,402,402
114701,249,-997,516,144,18,6,3,0,15,0,12,0,969,969,30,54,156,0,6,51,9,3,0,6,0,315,315
114201,156,-997,411,120,18,3,3,0,18,3,9,0,738,738,30,30,105,0,87,66,3,3,3,3,0,324,324
117100,213,-997,360,105,30,3,9,0,3,0,9,0,732,732,42,36,126,0,6,72,6,18,0,3,0,309,309
124100,183,-997,282,72,9,0,3,3,3,0,0,0,558,558,21,36,51,0,3,96,6,12,0,0,0,234,234
115300,174,-997,330,78,9,3,0,3,3,0,3,0,597,597,15,24,105,0,6,105,6,6,0,3,0,270,270
113201,240,-997,546,114,33,6,0,6,9,0,12,0,969,969,42,48,198,0,3,108,9,6,0,0,0,414,414
114500,174,-997,348,75,12,6,0,3,9,0,3,0,627,627,18,27,96,3,3,132,0,0,0,0,0,282,282
112200,81,-997,321,87,9,15,0,0,27,0,3,0,543,543,27,21,114,3,69,9,15,0,0,0,0,261,261
110700,441,-997,768,252,42,3,3,0,9,0,15,0,1536,1536,48,63,345,0,12,144,12,0,0,9,0,636,636
146400,330,-997,834,228,45,39,12,9,12,39,9,0,1557,1557,51,84,351,15,171,45,132,6,9,6,0,867,867
148300,207,-997,564,102,30,27,9,3,15,18,9,0,978,978,36,54,96,3,363,6,45,6,18,3,0,630,630
148800,207,-997,621,117,30,21,9,3,9,27,12,0,1053,1053,39,54,219,12,366,6,42,6,18,9,0,768,768
149300,234,-997,957,168,54,51,36,6,24,12,15,0,1554,1554,51,87,279,15,327,9,81,6,0,9,0,867,867
149702,135,-997,540,117,30,30,15,6,12,9,6,0,900,900,21,57,195,3,162,3,54,0,3,6,0,504,504
149701,228,-997,840,156,39,48,15,3,12,15,9,0,1362,1362,48,84,186,3,498,9,84,9,6,3,0,927,927
148000,228,-997,576,126,30,36,6,3,12,30,3,0,1044,1044,33,66,195,6,216,12,57,6,15,6,0,612,612
150400,378,-997,1266,300,69,72,18,9,30,21,15,0,2178,2178,69,117,417,12,315,33,126,21,3,21,0,1128,1128
150600,480,-997,1203,264,48,57,15,9,24,33,9,0,2145,2145,66,129,414,6,249,57,129,12,18,15,0,1095,1095
154300,300,-997,963,243,36,27,12,12,15,12,12,0,1632,1632,57,90,231,6,261,33,81,9,6,9,0,783,783
153400,519,-997,1341,315,66,72,12,15,24,15,12,0,2391,2391,66,126,423,15,252,78,108,6,6,3,0,1080,1080
158200,285,-997,1281,219,72,60,12,6,18,3,12,0,1971,1971,51,147,384,9,279,36,114,15,0,24,0,1065,1065
157800,312,-997,1086,189,72,60,15,0,6,3,12,0,1758,1758,39,147,363,3,249,30,135,18,0,9,0,993,993
153800,429,-997,1323,261,60,45,12,3,39,6,15,0,2199,2199,63,132,483,6,219,42,117,9,3,9,0,1080,1080
152400,327,-997,1215,294,66,63,21,9,39,21,18,0,2070,2070,78,90,438,6,189,30,84,12,0,9,0,939,939
152000,342,-997,1107,246,54,84,15,3,36,15,18,0,1923,1923,57,102,393,9,240,42,90,9,3,12,0,954,954
152900,189,-997,762,141,42,33,9,9,24,3,9,0,1221,1221,42,72,237,12,141,18,75,6,3,9,0,612,612
154701,225,-997,546,129,51,24,6,3,21,0,3,0,1008,1008,36,87,159,6,135,45,81,6,0,6,0,558,558
155301,186,-997,591,111,27,18,3,3,21,3,6,0,975,975,27,57,159,3,135,33,60,0,0,3,0,477,477
153700,264,-997,870,180,48,39,18,6,24,3,12,0,1464,1464,54,93,330,12,105,48,81,9,0,3,0,732,732
153900,213,-997,660,111,39,33,21,3,15,3,9,0,1110,1110,45,66,246,6,72,36,81,9,3,3,0,558,558
152201,291,-997,1179,231,63,54,15,3,18,3,24,0,1884,1884,60,96,453,12,96,45,84,12,3,12,0,873,873
151301,288,-997,1260,216,78,69,30,9,42,12,15,0,2019,2019,57,99,441,12,135,21,132,9,0,9,0,918,918
153100,225,-997,750,144,36,33,9,12,18,3,6,0,1233,1233,45,60,276,15,57,36,84,3,0,9,0,579,579
154500,171,-997,594,120,36,42,12,3,24,0,6,0,1011,1011,33,54,222,0,75,6,57,6,0,0,0,453,453
154600,-999,-997,-999,-999,-999,-999,-999,-999,-999,-999,-999,-999,6,-999,-999,-999,-999,-999,-999,-999,-999,-999,-999,-999,-999,3,-999
156601,231,-997,921,135,72,42,18,3,12,0,9,0,1443,1443,45,108,282,6,123,51,120,9,0,6,0,753,753
155401,186,-997,777,120,36,42,24,9,39,3,9,0,1245,1245,48,78,216,6,129,36,87,6,0,0,0,609,609
155200,213,-997,939,153,48,21,9,6,15,0,9,0,1410,1410,39,66,333,3,51,39,66,6,0,6,0,606,606
157301,183,-997,732,108,45,36,12,3,3,0,12,0,1128,1128,27,54,270,3,135,15,63,12,0,3,0,585,585
158101,339,-997,1512,210,84,78,42,0,45,0,18,0,2331,2331,66,150,393,12,522,21,99,36,0,12,0,1308,1308
156101,264,-997,906,156,63,45,15,9,27,3,6,0,1497,1497,48,93,252,9,180,66,120,9,0,6,0,783,783
156901,336,-997,1413,204,105,66,21,6,12,3,18,0,2184,2184,90,138,402,6,249,51,156,9,0,27,0,1131,1131
156301,306,-997,903,198,45,24,12,3,9,0,9,0,1506,1506,39,96,294,6,114,78,87,6,0,6,0,726,726
158102,318,-997,1467,231,108,45,39,3,12,0,27,0,2253,2253,63,183,588,18,81,27,84,36,0,30,0,1101,1101
158002,195,-997,828,132,60,39,24,3,3,0,12,0,1296,1296,36,66,297,3,30,9,63,18,0,6,0,528,528
158001,132,-997,840,123,54,30,15,3,12,0,21,0,1233,1233,45,84,282,0,39,30,66,18,0,18,0,582,582
158300,300,-997,1518,228,93,45,60,0,12,0,24,0,2274,2274,63,144,579,3,48,54,78,63,0,30,0,1059,1059
159301,378,-997,1392,249,72,15,45,9,9,3,21,0,2190,2190,66,156,387,3,201,93,48,87,0,12,0,1056,1056
161300,102,-997,1044,135,102,36,18,3,9,0,12,0,1458,1458,51,72,471,0,246,15,18,45,0,24,0,936,936
161800,363,-997,1227,276,69,15,96,9,21,0,18,0,2091,2091,87,126,291,18,111,102,21,54,0,12,0,819,819
161700,-999,-997,6,-999,-999,-999,-999,-999,-999,-999,-999,-999,12,12,-999,-999,6,-999,-999,-999,-999,-999,-999,-999,-999,9,9
161900,114,-997,732,105,51,21,30,6,21,0,9,0,1083,1083,27,63,276,3,54,57,18,30,0,21,0,549,549
162000,126,-997,873,117,51,12,63,0,18,0,15,0,1278,1278,42,93,321,9,96,27,36,57,0,27,0,705,705
161000,138,-997,831,132,48,24,30,3,9,0,15,0,1230,1230,30,75,261,6,177,21,24,33,0,12,0,636,636
160401,240,-997,1251,207,75,21,51,3,12,0,27,0,1890,1890,45,120,510,3,96,42,42,54,0,12,0,924,924
162101,375,-997,1494,210,72,27,156,12,27,0,18,0,2388,2388,54,123,486,3,102,27,33,96,0,27,0,954,954
161600,147,-997,741,126,36,18,54,6,15,0,30,0,1170,1170,33,54,303,3,90,39,9,57,0,12,0,600,600
158603,108,-997,372,66,24,3,12,0,0,0,9,0,600,600,9,33,171,0,9,3,12,6,0,9,0,249,249
158601,243,-997,1176,186,87,36,18,6,18,0,18,0,1788,1788,57,129,429,6,153,27,75,21,0,15,0,915,915
158602,198,-997,867,138,66,18,18,6,3,0,6,0,1326,1326,42,99,372,18,45,9,30,18,0,6,0,636,636
158900,213,-997,504,162,24,3,3,0,3,0,0,0,918,918,21,78,180,0,6,33,15,12,0,9,0,357,357
162102,288,-997,1290,171,87,18,96,6,12,0,30,0,1998,1998,75,105,465,12,96,21,15,96,0,21,0,909,909
157101,465,-997,1056,327,45,9,6,6,12,27,9,0,1956,1956,66,123,390,3,12,129,36,6,18,3,0,780,780
170201,225,-997,495,186,21,3,6,0,9,0,9,0,954,954,27,33,204,0,15,96,0,3,0,3,0,387,387
166301,243,-997,597,249,36,0,3,0,9,0,9,0,1146,1146,30,48,213,0,36,99,3,21,0,6,0,450,450
163902,90,-997,312,78,12,0,30,0,0,0,0,0,525,525,27,30,93,0,3,18,3,15,0,0,0,192,192
162300,216,-997,366,120,6,0,12,3,30,0,3,0,759,759,15,27,159,0,6,36,3,15,0,6,0,273,273
164603,252,-997,642,237,36,3,24,3,9,0,9,0,1212,1212,36,60,222,0,12,84,3,42,0,9,0,468,468
164602,72,-997,246,75,15,0,6,0,3,0,0,0,414,414,15,15,69,0,30,9,0,9,0,0,0,147,147
164100,12,-997,51,12,0,0,0,0,3,0,3,0,84,84,6,3,21,0,6,3,3,0,0,3,0,48,48
164201,135,-997,681,159,57,9,36,3,12,0,12,0,1110,1110,45,57,378,0,114,30,21,39,0,3,0,696,696
163901,138,-997,951,123,84,9,45,3,3,0,18,0,1374,1374,45,99,534,3,84,30,12,54,0,21,0,876,876
163302,237,-997,876,177,57,12,66,3,6,3,9,0,1446,1446,39,87,366,0,30,27,9,42,0,21,0,618,618
163502,87,-997,897,108,99,18,33,9,18,0,21,0,1287,1287,39,75,426,6,249,24,21,33,0,21,0,897,897
163600,96,-997,798,129,54,15,78,6,24,0,18,0,1221,1221,36,51,360,0,207,24,12,33,0,15,0,741,741
163501,93,-997,672,114,63,9,33,0,21,0,12,0,1014,1014,51,36,261,3,123,36,6,36,0,6,0,561,561
163301,99,-997,684,129,75,12,36,3,12,0,21,0,1074,1074,45,48,267,3,132,30,9,45,0,6,0,585,585
162601,189,-997,816,111,42,15,87,3,24,0,15,0,1299,1299,45,54,288,6,111,18,12,42,0,6,0,579,579
163001,183,-997,1155,186,69,27,78,3,33,0,18,0,1746,1746,75,81,552,3,96,75,18,54,0,6,0,960,960
163200,174,-997,1062,156,90,42,105,12,69,0,24,0,1734,1734,60,66,339,6,183,39,18,57,0,12,0,777,777
164001,222,-997,1077,234,75,12,63,6,24,0,15,0,1731,1731,57,69,360,3,237,24,6,60,0,15,0,831,831
164302,36,-997,255,63,18,0,9,0,9,0,6,0,396,396,15,12,57,0,63,18,6,9,0,3,0,180,180
163700,204,-997,1314,219,102,24,72,6,27,0,21,0,1992,1992,75,108,495,15,339,45,24,84,0,9,0,1197,1197
164301,81,-997,297,42,21,3,12,0,6,0,6,0,462,462,21,27,81,9,45,12,3,3,0,0,0,201,201
163100,252,-997,1020,297,84,9,51,9,27,0,21,0,1773,1773,66,66,378,9,168,42,15,42,0,9,0,798,798
162602,156,-997,828,111,69,15,45,3,15,0,9,0,1257,1257,42,45,396,9,93,27,15,33,0,15,0,672,672
162800,99,-997,576,87,36,15,30,9,24,0,6,0,879,879,36,36,177,3,15,24,12,27,0,12,0,339,339
162200,78,-997,288,57,24,6,9,0,6,0,0,0,471,471,18,24,114,3,3,15,9,18,0,3,0,213,213
162500,279,-997,678,195,39,3,21,3,9,0,6,0,1233,1233,39,66,321,54,39,21,9,39,0,6,0,591,591
163400,345,-997,1026,204,63,3,48,3,12,0,9,0,1713,1713,54,114,357,99,126,36,9,45,0,15,0,858,858
165600,120,-997,522,168,39,9,21,6,6,0,9,0,891,891,42,48,222,6,42,33,15,9,0,3,0,429,429
165400,237,-997,750,252,48,6,12,0,9,0,6,0,1323,1323,60,72,390,6,36,51,24,21,0,12,0,669,669
165101,444,-997,831,312,39,9,36,3,33,0,3,0,1710,1710,66,84,360,6,69,72,6,21,0,15,0,696,696
164601,78,-997,216,90,12,0,3,0,6,0,3,0,411,411,12,18,93,0,3,24,0,6,0,3,0,159,159
169901,234,-997,492,183,30,0,3,3,21,0,3,0,972,972,42,45,171,3,9,48,0,9,0,3,0,327,327
165800,195,-997,843,213,45,12,21,9,63,0,3,0,1404,1404,75,60,249,9,231,21,3,12,0,9,0,666,666
166000,18,-997,81,24,6,0,0,3,12,0,0,0,147,147,3,3,30,0,18,3,3,3,0,0,0,66,66
166200,96,-997,396,144,27,3,3,0,9,0,9,0,687,687,15,33,153,6,36,36,0,0,0,3,0,279,279
156400,555,-997,1314,417,60,27,3,9,36,141,12,0,2571,2571,87,105,570,81,93,222,24,0,81,15,0,1278,1278
155000,354,-997,918,306,45,15,0,15,33,84,21,0,1791,1791,63,66,237,84,165,192,12,3,51,9,0,885,885
144600,243,-997,246,57,15,12,3,21,45,81,3,0,729,729,27,6,78,3,9,33,6,0,27,3,0,198,198
147600,279,-997,480,93,54,36,3,30,39,153,18,0,1185,1185,39,27,159,12,90,15,3,0,33,6,0,381,381
157400,324,-997,768,234,24,6,0,3,21,66,9,0,1452,1452,54,60,201,18,108,141,15,3,39,9,0,645,645
146900,207,-997,234,42,15,27,6,18,15,114,21,0,693,693,27,9,75,3,3,30,9,0,30,6,0,189,189
148700,258,-997,414,90,33,48,3,21,63,102,21,0,1050,1050,36,12,147,15,42,54,12,0,45,0,0,363,363
151100,192,-997,288,90,21,24,0,12,39,81,15,0,753,753,30,9,117,0,9,42,9,0,39,6,0,261,261
162901,252,-997,456,177,24,3,12,0,12,6,3,0,948,948,27,36,141,3,54,75,6,9,0,3,0,354,354
